orderId,fname,rname,foodQty,reviewContent
1,Yoplait,Lacus Inc.,6,taste good
1,Tuna,Lacus Inc.,4,
1,Pastry,Lacus Inc.,2,
1,Lettuce,Lacus Inc.,4,
2,Barramundi,Lacus Inc.,2,
2,Yoplait,Lacus Inc.,4,good
2,Tuna,Lacus Inc.,5,delicious
2,Pastry,Lacus Inc.,2,
2,Lettuce,Lacus Inc.,4,
3,Barramundi,Lacus Inc.,5,
3,Lettuce,Lacus Inc.,2,
4,Yoplait,Curabitur LLP,5,
4,Tuna,Curabitur LLP,2,
4,Pastry,Curabitur LLP,2,
5,Lettuce,Curabitur LLP,5,
5,Barramundi,Curabitur LLP,1,
6,Yoplait,Curabitur LLP,4,taste good
6,Tuna,Curabitur LLP,1,
7,Pastry,Curabitur LLP,4,
7,Lettuce,Curabitur LLP,1,
8,Barramundi,Curabitur LLP,5,
8,Lettuce,Curabitur LLP,1,
9,Yoplait,Curabitur LLP,4,
9,Tuna,Curabitur LLP,1,
10,Lettuce,Ornare Ltd,4,
10,Tuna,Ornare Ltd,1,
11,Tuna,Ornare Ltd,4,delicious
11,Pastry,Ornare Ltd,2,taste good
12,Tomato,Amet Consectetuer Corp.,4,taste good
12,Lobster,Amet Consectetuer Corp.,2,delicious
13,Croissant,Libero Dui PC,6,
13,Bread,Libero Dui PC,1,
14,Bread,Libero Dui PC,4,
14,Croissant,Libero Dui PC,1,
15,Tuna,Curabitur LLP,5,
15,Yoplait,Curabitur LLP,1,
16,Pastry,Curabitur LLP,6,
16,Tuna,Curabitur LLP,1,
17,Lettuce,Curabitur LLP,6,taste good
17,Tuna,Curabitur LLP,1,taste good
18,Cheese,Dignissim Company,5,awesome
18,Croissant,Dignissim Company,2,awesome
19,Yoplait,Lacus Inc.,1,fantastic
19,Tuna,Lacus Inc.,2,good
20,Tomato,Amet Consectetuer Corp.,1,good
20,Lobster,Amet Consectetuer Corp.,1,awesome
21,Coffee,Convallis In Limited,2,
21,Yoplait,Convallis In Limited,1,
22,Beef,Amet Consectetuer Corp.,1,
22,Cream,Amet Consectetuer Corp.,1,
23,Croissant,Convallis In Limited,2,
23,Yoplait,Convallis In Limited,1,
24,Bread,Convallis In Limited,2,
24,Shrimp,Convallis In Limited,1,
25,Bread,Ligula PC,2,
26,Beer,Convallis In Limited,2,
27,Yoplait,Egestas Urna Ltd,2,
28,Yoplait,Convallis In Limited,1,
29,Tuna,Lacus Inc.,2,
30,Lobster,Ligula PC,1,
31,Croissant,Dignissim Company,1,awesome
32,Cream,Convallis In Limited,1,taste good
33,Corn,Convallis In Limited,1,fantastic
34,Cheese,Convallis In Limited,1,good
35,Bread,Dignissim Company,2,good
36,Cream,Amet Consectetuer Corp.,1,delicious
37,Pastry,Lacus Inc.,1,awesome
38,Lettuce,Lacus Inc.,1,awesome
39,Coffee,Dignissim Company,2,awesome
40,Bread,Nulla Semper Industries,2,awesome
41,Yoplait,Curabitur LLP,2,
42,Cream,Libero Dui PC,1,
43,Corn,Libero Dui PC,2,
44,Cocktail,Nulla Semper Industries,2,
45,Cream,Dignissim Company,2,
46,Corn,Dignissim Company,1,
47,Shrimp,Convallis In Limited,1,
48,Croissant,Egestas Urna Ltd,2,awesome
49,Barramundi,Curabitur LLP,2,fantastic
50,Lettuce,Egestas Urna Ltd,2,delicious
51,Lobster,Nulla Semper Industries,1,good
52,Cream,Ligula PC,1,fantastic
53,Cocktail,Convallis In Limited,2,delicious
54,Beer,Ornare Ltd,2,
55,Beer,Egestas Urna Ltd,1,
56,Barramundi,Ornare Ltd,2,
57,Tuna,Ligula PC,2,
58,Cocktail,Amet Consectetuer Corp.,2,
59,Cheese,Libero Dui PC,1,
60,Beef,Ligula PC,1,
61,Tomato,Ligula PC,1,
62,Shrimp,Ligula PC,1,
63,Bread,Amet Consectetuer Corp.,1,
64,Yoplait,Ornare Ltd,4,
65,Yoplait,Dignissim Company,5,
66,Yoplait,Lacus Inc.,3,
67,Yoplait,Egestas Urna Ltd,5,
68,Yoplait,Convallis In Limited,4,taste good
69,Yoplait,Curabitur LLP,4,good
70,Tuna,Ornare Ltd,4,
71,Tuna,Curabitur LLP,5,
72,Tuna,Lacus Inc.,3,
73,Tuna,Ligula PC,4,
74,Tomato,Nulla Semper Industries,4,
75,Tomato,Amet Consectetuer Corp.,3,
76,Tomato,Ligula PC,5,
77,Shrimp,Libero Dui PC,3,
78,Shrimp,Dignissim Company,5,
79,Shrimp,Convallis In Limited,4,taste good
80,Shrimp,Ligula PC,3,delicious
81,Pastry,Ornare Ltd,4,
82,Pastry,Curabitur LLP,5,
83,Pastry,Lacus Inc.,3,
84,Lobster,Amet Consectetuer Corp.,3,
85,Lobster,Ligula PC,4,delicious
86,Lobster,Nulla Semper Industries,4,
87,Lettuce,Ornare Ltd,4,
88,Lettuce,Curabitur LLP,3,
89,Lettuce,Lacus Inc.,3,
90,Lettuce,Egestas Urna Ltd,5,
91,Croissant,Libero Dui PC,5,
92,Croissant,Convallis In Limited,3,
93,Croissant,Dignissim Company,3,
94,Croissant,Egestas Urna Ltd,5,
95,Cream,Nulla Semper Industries,4,
96,Cream,Convallis In Limited,5,
97,Cream,Amet Consectetuer Corp.,5,
98,Cream,Libero Dui PC,4,
99,Lobster,Nulla Semper Industries,1,good
100,Cream,Ligula PC,1,
101,Cocktail,Convallis In Limited,2,
102,Beer,Ornare Ltd,2,
103,Beer,Egestas Urna Ltd,1,
104,Barramundi,Ornare Ltd,2,good
105,Tuna,Ligula PC,2,
106,Cocktail,Amet Consectetuer Corp.,2,good
107,Cheese,Libero Dui PC,1,
108,Beef,Ligula PC,1,
109,Tomato,Ligula PC,1,
110,Shrimp,Ligula PC,1,
111,Bread,Amet Consectetuer Corp.,1,
112,Yoplait,Ornare Ltd,4,
113,Yoplait,Dignissim Company,5,
114,Yoplait,Lacus Inc.,3,
115,Yoplait,Egestas Urna Ltd,5,
116,Yoplait,Convallis In Limited,4,
117,Yoplait,Curabitur LLP,4,
118,Tuna,Ornare Ltd,4,
119,Tuna,Curabitur LLP,5,
120,Tuna,Lacus Inc.,3,delicious
121,Tuna,Ligula PC,4,taste good
122,Tomato,Nulla Semper Industries,4,fantastic
123,Tomato,Amet Consectetuer Corp.,3,delicious
124,Tomato,Ligula PC,5,taste good
125,Shrimp,Libero Dui PC,3,good
126,Shrimp,Dignissim Company,5,delicious
127,Shrimp,Convallis In Limited,4,taste good
128,Shrimp,Ligula PC,3,delicious
129,Pastry,Ornare Ltd,4,delicious
130,Pastry,Curabitur LLP,5,awesome
131,Pastry,Lacus Inc.,3,delicious
132,Lobster,Amet Consectetuer Corp.,3,
133,Lobster,Ligula PC,4,
134,Lobster,Nulla Semper Industries,4,
135,Lettuce,Ornare Ltd,4,
136,Lettuce,Curabitur LLP,3,
137,Lettuce,Lacus Inc.,3,
138,Lettuce,Egestas Urna Ltd,5,
139,Croissant,Libero Dui PC,5,
140,Croissant,Convallis In Limited,3,
141,Croissant,Dignissim Company,3,
142,Croissant,Egestas Urna Ltd,5,
143,Cream,Nulla Semper Industries,4,
144,Cream,Convallis In Limited,5,
145,Cream,Amet Consectetuer Corp.,5,
146,Cream,Libero Dui PC,4,
147,Lettuce,Curabitur LLP,3,fantastic
148,Lettuce,Lacus Inc.,3,good
149,Lettuce,Egestas Urna Ltd,5,awesome
150,Croissant,Libero Dui PC,5,
151,Croissant,Convallis In Limited,3,
152,Croissant,Dignissim Company,3,
153,Croissant,Egestas Urna Ltd,5,
154,Cream,Nulla Semper Industries,4,
155,Cream,Convallis In Limited,5,
156,Cream,Amet Consectetuer Corp.,5,
157,Cream,Libero Dui PC,4,taste good
158,Lettuce,Curabitur LLP,3,fantastic
159,Lettuce,Lacus Inc.,3,
160,Lettuce,Egestas Urna Ltd,5,
161,Croissant,Libero Dui PC,5,
162,Croissant,Convallis In Limited,3,
163,Croissant,Dignissim Company,3,
164,Croissant,Egestas Urna Ltd,5,
165,Cream,Nulla Semper Industries,4,
166,Cream,Convallis In Limited,5,
167,Cream,Amet Consectetuer Corp.,5,
168,Cream,Libero Dui PC,4,
169,Lettuce,Curabitur LLP,3,
170,Lettuce,Lacus Inc.,3,
171,Lettuce,Egestas Urna Ltd,5,
172,Croissant,Libero Dui PC,5,
173,Croissant,Convallis In Limited,3,
174,Croissant,Dignissim Company,3,
175,Croissant,Egestas Urna Ltd,5,
176,Cream,Nulla Semper Industries,4,
177,Cream,Convallis In Limited,5,taste good
178,Cream,Amet Consectetuer Corp.,5,delicious
179,Cream,Libero Dui PC,4,taste good
180,Cream,Amet Consectetuer Corp.,5,delicious
181,Cream,Libero Dui PC,4,taste good
182,Lobster,Nulla Semper Industries,1,good
183,Cream,Ligula PC,1,fantastic
184,Cocktail,Convallis In Limited,2,
185,Beer,Ornare Ltd,2,
186,Beer,Egestas Urna Ltd,1,
187,Barramundi,Ornare Ltd,2,
188,Tuna,Ligula PC,2,
189,Cocktail,Amet Consectetuer Corp.,2,
190,Cheese,Libero Dui PC,1,
191,Beef,Ligula PC,1,
192,Tomato,Ligula PC,1,
193,Shrimp,Ligula PC,1,
194,Bread,Amet Consectetuer Corp.,1,
195,Yoplait,Ornare Ltd,4,
196,Cream,Amet Consectetuer Corp.,5,
197,Cream,Libero Dui PC,4,
198,Lobster,Nulla Semper Industries,1,
199,Cream,Ligula PC,1,
200,Cocktail,Convallis In Limited,2,
201,Beer,Ornare Ltd,2,
202,Beer,Egestas Urna Ltd,1,
203,Barramundi,Ornare Ltd,2,good
204,Tuna,Ligula PC,2,good
205,Cocktail,Amet Consectetuer Corp.,2,good
206,Cheese,Libero Dui PC,1,
207,Beef,Ligula PC,1,
208,Tomato,Ligula PC,1,
209,Shrimp,Ligula PC,1,
210,Bread,Amet Consectetuer Corp.,1,
211,Shrimp,Ligula PC,1,
212,Bread,Amet Consectetuer Corp.,1,
